Line Item Id,Partner Name,Partner Id,Advertiser Name,Io Name,Line Item Name,Line Item Timestamp,Line Item Status,Io Start Date,Io End Date,Io Budget Type,Io Budget Amount,Io Pacing,Io Pacing Rate,Io Pacing Amount,Line Item Start Date,Line Item End Date,Line Item Budget Type,Line Item Budget Amount,Line Item Pacing,Line Item Pacing Rate,Line Item Pacing Amount,Line Item Frequency Enabled,Line Item Frequency Exposures,Line Item Frequency Period,Line Item Frequency Amount,Bid Price,Partner Revenue Model,Partner Revenue Amount,Current Audience Targeting Ids,Current Audience Targeting Names
4177715,AdFederal India,610940,IBM Cloud,IBM CLOUD (adtech),IBM Cloud ( Adtech),2016-10-11T04:40:12.875000,Active,10/12/2015 00:00,10/14/2015 23:59,Amount,20000.01,Daily,ASAP,3000,10/12/2015 00:00,10/14/2015 23:59,Amount,20000,Daily,ASAP,5000,False,0,Minutes,0,5,TMCM,0,,
4218595,AdFederal India,610940,Rajasthan Tourism,Rajasthan Tourism,Rajasthan Tourism,2016-10-10T15:01:55.497000,Active,10/14/2015 00:00,11/11/2015 23:59,Amount,10000,Daily,Even,500,10/14/2015 00:00,11/11/2015 23:59,Amount,10000,Daily,Even,500,False,0,Minutes,0,3,TMCM,0,,
3042477,AdFederal India,610940,Wind  Mobile,HEFwind Mobile,HEF- Wind mobile- Plans,2016-07-20T08:46:29.087000,Active,04/27/2015 00:00,05/31/2015 23:59,Amount,300,Flight,Even,0,04/27/2015 00:00,05/31/2015 23:59,Amount,150,Flight,Even,0,False,0,Minutes,0,0,TMCM,0,4569529;,Bid Manager Audiences » Affinity Categories » Mobile Enthusiasts;
3043282,AdFederal India,610940,Wind  Mobile,HEFwind Mobile,HEF- Wind Mobile- MOBILE,2016-07-20T08:46:29.087000,Active,04/27/2015 00:00,05/31/2015 23:59,Amount,300,Flight,Even,0,04/27/2015 00:00,05/31/2015 23:59,Amount,150,Flight,Even,0,False,0,Minutes,0,0,TMCM,0,,
3626989,AdFederal India,610940,AIR NZ(AU) OLD+ 2nd phase,AIR NZ,Air NZ old+ 2nd phase,2016-10-10T16:38:10.634000,Paused,08/03/2015 00:00,08/31/2015 23:59,Amount,500,Daily,Even,100,08/03/2015 00:00,08/31/2015 23:59,Amount,200,Daily,ASAP,100,False,0,Minutes,0,0.4,TMCM,0,,
3394771,AdFederal India,610940,MBS (JUNE TO DEC),MBS (JUNE TO SEP)- DESKTOP,MBS- 300x250,2016-10-10T16:06:55.731000,Paused,06/29/2015 00:00,12/12/2015 23:59,Amount,1000,Daily,Even,4,06/29/2015 00:00,12/12/2015 23:59,Amount,300,Daily,Even,10,True,100,Lifetime,0,0.1,TMCM,0,,
3394772,AdFederal India,610940,MBS (JUNE TO DEC),MBS (JUNE TO SEP)- DESKTOP,MBS 160x600,2016-10-10T16:06:55.731000,Paused,06/29/2015 00:00,12/12/2015 23:59,Amount,1000,Daily,Even,4,06/29/2015 00:00,12/12/2015 23:59,Amount,300,Daily,Even,10,True,100,Lifetime,0,0.1,TMCM,0,,
3394778,AdFederal India,610940,MBS (JUNE TO DEC),MBS (JUNE TO SEP)- DESKTOP,MBS 728x90,2016-10-10T16:06:55.731000,Paused,06/29/2015 00:00,12/12/2015 23:59,Amount,1000,Daily,Even,4,06/29/2015 00:00,12/12/2015 23:59,Amount,200,Daily,Even,0.05,True,5,Lifetime,0,0.01,TMCM,0,,
3507986,AdFederal India,610940,Run Bharti Axa,Run Bharti Axa,Run AXA ( BUY now),2016-07-28T11:14:34.974000,Active,07/13/2015 00:00,08/31/2015 23:59,Amount,232.81,Daily,Even,10,07/13/2015 00:00,08/31/2015 23:59,Amount,110,Daily,Even,15,False,0,Minutes,0,2.5,TMCM,0,,
3507988,AdFederal India,610940,Run Bharti Axa,Run Bharti Axa,Run AXA (down load),2016-07-28T11:14:36.322000,Active,07/13/2015 00:00,08/31/2015 23:59,Amount,232.81,Daily,Even,10,07/13/2015 00:00,08/31/2015 23:59,Amount,110,Daily,Even,15,False,0,Minutes,0,2.5,TMCM,0,,
4356242,AdFederal India,610940,DT NEXT,DT NEXT ( NOV),DT NEXT ( Chennai),2016-10-10T15:14:19.794000,Paused,10/31/2015 00:00,11/15/2015 23:59,Amount,250000,Daily,Even,5000,10/31/2015 00:00,11/15/2015 23:59,Amount,100000,Daily,Even,5000,False,0,Minutes,0,2,TMCM,0,,
4356244,AdFederal India,610940,DT NEXT,DT NEXT ( NOV),DT next ( All Site),2016-10-10T15:14:19.794000,Paused,10/31/2015 00:00,11/15/2015 23:59,Amount,250000,Daily,Even,5000,10/31/2015 00:00,11/15/2015 23:59,Amount,100000,Daily,Even,5000,False,0,Minutes,0,2,TMCM,0,,
4366500,AdFederal India,610940,APL-Royale Play (Visit),APL-Royale Play,APL-Royale Play,2016-10-10T15:14:52.943000,Active,11/02/2015 00:00,11/23/2015 23:59,Amount,150000,Daily,ASAP,8000,11/02/2015 00:00,11/23/2015 23:59,Amount,100000,Daily,Even,4000,False,0,Minutes,0,4,TMCM,0,,
4410254,AdFederal India,610940,APL-Royale Play (Visit),APL-Royale Play,APL- Royale  Play ( Revised),2016-07-26T17:54:39.727000,Active,11/02/2015 00:00,11/23/2015 23:59,Amount,150000,Daily,ASAP,8000,11/02/2015 00:00,11/23/2015 23:59,Amount,50000,Daily,ASAP,3000,False,0,Minutes,0,4,TMCM,0,,
4777256,AdFederal India,610940,RAI Italia,RAI Italia RON 320x50,RAI Italia RON 320x50,2016-07-27T04:44:11.253000,Paused,12/15/2015 00:00,12/31/2015 23:59,Amount,1500,Daily,ASAP,1500,12/15/2015 00:00,12/31/2015 23:59,Amount,750,Daily,ASAP,50,True,1000,Lifetime,0,0.4,TMCM,0,,
4777257,AdFederal India,610940,RAI Italia,RAI Italia RON 320x50,RAI Italia RON 300x50,2016-07-27T04:44:10.107000,Paused,12/15/2015 00:00,12/31/2015 23:59,Amount,1500,Daily,ASAP,1500,12/15/2015 00:00,12/31/2015 23:59,Amount,750,Daily,ASAP,50,True,1000,Lifetime,0,0.4,TMCM,0,,
4818362,AdFederal India,610940,Moonbow Air purifier (RTB Programmatic),Moonbow Air purifier (RTB Programmatic),Moonbow Air purifier (RTB Programmatic),2016-10-10T15:45:29.271000,Active,12/17/2015 00:00,01/15/2016 23:59,Amount,120000,Daily,Even,500,12/17/2015 00:00,01/15/2016 23:59,Amount,120000,Daily,Even,500,False,0,Minutes,0,3,TMCM,0,,
4827234,AdFederal India,610940,Moonbow Air purifier (RTB Programmatic),Moonbow Air purifier (RTB Programmatic),BS TAG ( Roadblock),2016-10-10T15:45:29.271000,Paused,12/17/2015 00:00,01/15/2016 23:59,Amount,120000,Daily,Even,500,12/17/2015 00:00,01/15/2016 23:59,Amount,15000,Flight,Even,0,False,0,Minutes,0,0,TMCM,0,,
5197531,AdFederal India,610940,8842,8842,8842,2016-10-10T16:30:31.265000,Paused,02/01/2016 00:00,03/31/2016 23:59,Amount,130000,Daily,Even,4000,02/01/2016 00:00,03/31/2016 23:59,Amount,110000,Daily,Even,4000,False,0,Minutes,0,2,TMCM,0,,
6450141,AdFederal India,610940,8842,8842,8842,2016-10-10T16:30:31.265000,Paused,04/01/2016 00:00,06/30/2016 23:59,Amount,391500,Daily,ASAP,5000,04/01/2016 00:00,06/30/2016 23:59,Amount,391500,Daily,Even,5000,False,0,Minutes,0,0,TMCM,0,,
6947386,AdFederal India,610940,8842,8842,TOEFL_ NEW,2016-10-10T16:30:31.265000,Paused,04/01/2016 00:00,06/30/2016 23:59,Amount,391500,Daily,ASAP,5000,05/09/2016 00:00,06/30/2016 23:59,Amount,10000,Daily,Even,1000,False,0,Minutes,0,0,TMCM,0,,
7665148,AdFederal India,610940,8842,8842,Appnexus ( TOEFL JULY),2016-10-10T16:30:31.265000,Active,07/01/2016 00:00,07/31/2016 23:59,Amount,50000,Flight,Even,0,07/01/2016 00:00,07/31/2016 23:59,Amount,50000,Flight,Even,0,False,0,Minutes,0,4,TMCM,0,,
4370650,AdFederal India,610940,University of Tasmania  (Cricket Sites ),University of Tasmania Cricket Sites,University of Tasmania (CrickBuzz),2016-10-10T15:34:50.481000,Active,11/02/2015 00:00,11/08/2015 23:59,Amount,60000,Daily,ASAP,3000,11/02/2015 00:00,11/08/2015 23:59,Amount,30000,Daily,ASAP,3000,False,0,Minutes,0,5,TMCM,0,,
4818357,AdFederal India,610940,Videocon_D2H_Nov2016,PayU Money (B2B),PayU Money (B2B),2016-10-10T16:16:40.485000,Active,12/17/2015 00:00,12/31/2015 23:59,Amount,70000,Daily,Even,5000,12/17/2015 00:00,12/31/2015 23:59,Amount,60000,Daily,Even,5000,False,0,Minutes,0,0,TMCM,0,,
9181004,AdFederal India,610940,Videocon_D2H_Nov2016,VIDEOCOND2H- WEB,VIDEOCOND2H- WEB,2016-11-09T06:04:03.925000,Active,11/03/2016 00:00,11/20/2016 23:59,Amount,4000,Daily,ASAP,500,11/03/2016 00:00,11/20/2016 23:59,Amount,4000,Daily,ASAP,500,False,0,Minutes,0,2,TMCM,0,,
9181006,AdFederal India,610940,Videocon_D2H_Nov2016,VideoconD2h- Mobile,VideoconD2h- Mobile,2016-11-09T09:51:24.750000,Active,11/03/2016 00:00,11/20/2016 23:59,Amount,4000,Daily,Even,500,11/03/2016 00:00,11/20/2016 23:59,Amount,4000,Daily,Even,500,False,0,Minutes,0,2,TMCM,0,,
3582570,AdFederal India,610940,NRMA Extended (27 July to 6 AUG ),NRMA Extended (27 July to 6 AUG ),NRMA (Extened),2016-10-10T16:41:14.806000,Paused,07/27/2015 00:00,08/06/2015 23:59,Amount,400,Daily,ASAP,40,07/27/2015 00:00,08/06/2015 23:59,Amount,400,Daily,ASAP,40,False,0,Minutes,0,0.1,TMCM,0,,
4816647,AdFederal India,610940,Moonbow  Product Review (True view),Moonbow (True View),MoonBow ( True View),2016-10-10T16:22:10.225000,Active,12/17/2015 00:00,12/24/2015 23:59,Amount,10000,Daily,Even,1500,12/17/2015 00:00,12/24/2015 23:59,Amount,10000,Daily,Even,1500,False,0,Minutes,0,0,TMCM,0,,
3000461,AdFederal India,610940,BMW- Game promotion,BMW Game promotion,Bmw game promption,2016-07-20T15:34:17.693000,Active,04/16/2015 00:00,05/03/2015 23:59,Amount,50,Flight,Even,0,04/16/2015 00:00,05/03/2015 23:59,Amount,50,Flight,Even,0,False,0,Minutes,0,0,TMCM,0,6597422; 8754436; 10617316; 6259876; 4528464; 4528584; 9609796; 4177516; 27680899; 6602342; 9609916; 4424163; 22698472; 12220036; 1747004; 22695832; 12224356; 6355014; 14038396; 108628683; 8754556; 6229734; 4513944; 12209539;,"MasterCard » MCE03 » Casinos & Resorts » Frequent Transactor; eXelate » Nielsen Scarborough » Casino Activity » Visited a casino in the past 12 months; eXelate » Datalogix » Demographics » Travel » Casino Vacations; Exelate » V12 » Purchase Behaviors » Visit Casino; Epsilon » Travel » Casino Vacationers » Highly Likely; Epsilon » Travel » Casino Vacationers » Likely; eXelate » MasterCard » Top Tier Spender » Casinos and Gaming Resorts » in Las Vegas Area; eXelate » MasterCard » Frequent Transactor » Casinos and Resorts; Eyeota - Netsprint - PL » Interest » Hobbies and Interest » Casinos and Gaming Resorts; MasterCard » MCE44 » Casinos & Resorts » Top Tier Spender; eXelate » MasterCard » Top Tier Spender » Casinos and Gaming Resorts » in Atlantic City Area; BlueKai » In-Market » Retail » Clothing, Shoes & Accessories » Jewelry & Watches » Watches » Brand » Casio; AdAdvisor Audiences powered by Neustar  » AdAdvisor Consumer Audiences » Computers & Electronics » Mobile Phone Brand by Carrier » Use Mobile Device From Casio with Carrier Verizon; eXelate » Neustar AdAdvisor » Technology » Mobile » Phone Manufacturer » Casio; Navegg » Brands » casio; AdAdvisor Audiences powered by Neustar  » AdAdvisor Consumer Audiences » Computers & Electronics » Mobile Phone Brand » Use Mobile Device From Manufacturer: Casio; eXelate » Neustar AdAdvisor » Travel » Casino Gambling Las Vegas (Last 12M); AddThis - UK » Gaming » Game Genres » Casino; eXelate » Retargetly » Interests » Entertainment » Games » Casino games; BlueKai » Branded Data » DataLab » B2B » NAICS Industry Description » Hotels & Motels, Except Casino Hotels; eXelate » Nielsen Scarborough » Casino Activity » Watched a stage show or concert; AddThis - US - Premium » Gaming » Game Genres » Casino and Card Games; Epsilon » Credit & Debit Cards » Debit Rewards Card Users: Likely; Eyeota - Roy Morgan - AU » Helix Personas » 600 Golden Years » 601 Rural Rewards;"
5149072,AdFederal India,610940,ANZ CNY Luner,ANZ  CNV - Luner,ANZ CNY LUNER,2016-10-10T16:05:45.304000,Active,01/27/2016 00:00,02/26/2016 23:59,Amount,155,Daily,Even,1,01/27/2016 00:00,02/26/2016 23:59,Amount,155,Daily,Even,1,False,0,Minutes,0,0.5,TMCM,0,,
6601872,AdFederal India,610940,Hindware Rimless Video,Hindware Rimless Video,Hindware Rimless Video,2016-10-10T17:35:15.881000,Paused,04/12/2016 00:00,05/31/2016 23:59,Amount,100000,Daily,Even,10000,04/12/2016 00:00,05/31/2016 23:59,Amount,50000,Daily,Even,10000,False,0,Minutes,0,4,TMCM,0,,
6870204,AdFederal India,610940,Hindware Rimless Video,Hindware Rimless Video,Hindware Rimless New,2016-10-10T17:35:15.881000,Paused,04/12/2016 00:00,05/31/2016 23:59,Amount,100000,Daily,Even,10000,05/03/2016 15:57,05/31/2016 23:59,Amount,50000,Daily,Even,10000,False,0,Minutes,0,4,TMCM,0,,
3001080,AdFederal India,610940,fashion and you,fashion and you,fashion and you,2016-10-06T15:04:51.159000,Paused,04/16/2015 00:00,07/10/2015 23:59,Amount,15701,Daily,Even,100,04/16/2015 00:00,07/10/2015 23:59,Amount,1,Daily,Even,1,False,0,Minutes,0,0,TMCM,0,,
3008123,AdFederal India,610940,fashion and you,fashion and you,fashionandyou.com-2,2016-10-06T15:04:51.159000,Paused,04/16/2015 00:00,07/10/2015 23:59,Amount,15701,Daily,Even,100,05/26/2015 00:00,06/10/2015 23:59,Amount,1,Daily,ASAP,1,False,0,Minutes,0,0.15,TMCM,0,229946329;,Fashion and you-Remarketing (2345714);
3008130,AdFederal India,610940,fashion and you,fashion and you,fashionandyou.com-3,2016-10-06T15:04:51.159000,Paused,04/16/2015 00:00,07/10/2015 23:59,Amount,15701,Daily,Even,100,04/16/2015 00:00,07/10/2015 23:59,Amount,1,Daily,ASAP,1,False,0,Minutes,0,0.15,TMCM,0,,
3029455,AdFederal India,610940,fashion and you,fashion and you,F&U - Prospecting - Female,2016-07-27T08:45:49.119000,Paused,04/16/2015 00:00,07/10/2015 23:59,Amount,15701,Daily,Even,100,05/26/2015 00:00,06/10/2015 23:59,Amount,1,Daily,ASAP,1,False,0,Minutes,0,0,TMCM,0,,
3029458,AdFederal India,610940,fashion and you,fashion and you,F&U - Prospecting - Male,2016-07-27T08:45:50.014000,Paused,04/16/2015 00:00,07/10/2015 23:59,Amount,15701,Daily,Even,100,05/26/2015 00:00,06/10/2015 23:59,Amount,1,Daily,Even,1,False,0,Minutes,0,0,TMCM,0,,
3029463,AdFederal India,610940,fashion and you,fashion and you,F&U - Prospecting - Desktop- Traffic,2016-10-10T15:45:18.209000,Active,04/16/2015 00:00,07/10/2015 23:59,Amount,15701,Daily,Even,100,05/26/2015 00:00,06/15/2015 23:59,Amount,2200,Daily,Even,100,False,0,Minutes,0,0.03,TMCM,0,,
3107939,AdFederal India,610940,fashion and you,fashion and you,F&U - Prospecting - Mobile Web- Traffic,2016-07-20T16:03:39.109000,Paused,04/16/2015 00:00,07/10/2015 23:59,Amount,15701,Daily,Even,100,04/16/2015 00:00,07/10/2015 23:59,Amount,1,Daily,ASAP,1,False,0,Minutes,0,0,TMCM,0,,
3107941,AdFederal India,610940,fashion and you,fashion and you,F&U - Prospecting - Mobile App- Traffic,2016-07-20T16:03:39.109000,Paused,04/16/2015 00:00,07/10/2015 23:59,Amount,15701,Daily,Even,100,04/16/2015 00:00,06/10/2015 23:59,Amount,1,Daily,ASAP,1,False,0,Minutes,0,0.08,TMCM,0,,
3113994,AdFederal India,610940,fashion and you,fashion and you,F&U (Lingerie),2016-10-10T15:45:18.209000,Paused,04/16/2015 00:00,07/10/2015 23:59,Amount,15701,Daily,Even,100,04/16/2015 00:00,07/10/2015 23:59,Amount,2000,Daily,Even,50,False,0,Minutes,0,0.08,TMCM,0,,
3199043,AdFederal India,610940,fashion and you,fashion and you,FAshionandyou- video,2016-07-20T16:03:39.109000,Paused,04/16/2015 00:00,07/10/2015 23:59,Amount,15701,Daily,Even,100,05/28/2015 21:07,06/10/2015 23:59,Amount,1,Flight,ASAP,0,False,0,Minutes,0,0,TMCM,0,,
3200995,AdFederal India,610940,fashion and you,fashion and you,F&Y Bikni only,2016-07-27T08:45:50.789000,Paused,04/16/2015 00:00,07/10/2015 23:59,Amount,15701,Daily,Even,100,05/28/2015 23:15,06/10/2015 23:59,Amount,3000,Daily,ASAP,100,False,0,Minutes,0,0,TMCM,0,,
3000436,AdFederal India,610940,E-Summer Springs,E-summer spring,E-Summer springs,2016-07-20T06:10:05.065000,Active,04/16/2015 00:00,05/17/2015 23:59,Amount,50,Flight,Even,0,04/16/2015 00:00,05/17/2015 23:59,Amount,50,Flight,Even,0,True,25,Lifetime,0,0.01,TMCM,0,,
3470530,AdFederal India,610940,familycounselling,familycounselling,familycounselling,2016-10-10T16:32:13.514000,Active,07/11/2015 00:00,07/25/2015 23:59,Amount,79,Daily,Even,10,07/11/2015 00:00,07/25/2015 23:59,Unlimited,0,Daily,Even,10,False,0,Minutes,0,0,TMCM,0,,
6745792,AdFederal India,610940,CUBE ROOT ( Combind ),ADIDAS- eCommerce Sales,eCommerce Sales- Web Traffic,2016-07-20T03:18:20.748000,Active,04/26/2016 00:00,07/15/2016 23:59,Amount,21000,Daily,Even,20000,04/26/2016 00:00,07/15/2016 23:59,Amount,20000,Daily,ASAP,2000,True,25,Months,1,0,TMCM,0,,
8338773,AdFederal India,610940,CUBE ROOT ( Combind ),TEST - video,Test video,2016-10-10T15:22:57.077000,Paused,08/29/2016 00:00,09/30/2016 23:59,Amount,5000,Daily,Even,500,08/29/2016 00:00,09/30/2016 23:59,Amount,1000,Daily,Even,100,False,0,Minutes,0,0.01,TMCM,0,,
8947858,AdFederal India,610940,CUBE ROOT ( Combind ),Air Asia- RecroEMedia (V),Air Asia- RecroEMedia,2016-10-26T15:07:05.131000,Paused,10/17/2016 00:00,11/03/2016 23:59,Amount,20000,Daily,Even,1000,10/17/2016 00:00,11/03/2016 23:59,Amount,20000,Daily,Even,1000,False,0,Minutes,0,0,TMCM,0,,
8971824,AdFederal India,610940,CUBE ROOT ( Combind ),RGI -Car & Travel,RGI-Car,2016-10-26T15:04:58.856000,Paused,10/19/2016 00:00,10/26/2016 23:59,Amount,80000,Flight,Ahead,0,10/19/2016 00:00,10/26/2016 23:59,Amount,20000,Daily,Even,5000,False,0,Minutes,0,0,TMCM,0,,
8989352,AdFederal India,610940,CUBE ROOT ( Combind ),RGI -Car & Travel,RGI-Travel,2016-10-26T09:11:09.922000,Paused,10/19/2016 00:00,10/26/2016 23:59,Amount,80000,Flight,Ahead,0,10/20/2016 00:00,10/26/2016 23:59,Amount,10000,Daily,Even,5000,False,0,Minutes,0,0,TMCM,0,,
9030864,AdFederal India,610940,CUBE ROOT ( Combind ),RGI -Car & Travel,RGI travel (24 Oct),2016-10-26T15:04:54.520000,Paused,10/19/2016 00:00,10/26/2016 23:59,Amount,80000,Flight,Ahead,0,10/25/2016 00:00,10/26/2016 23:59,Amount,50000,Flight,Even,0,False,0,Minutes,0,0,TMCM,0,,
8989303,AdFederal India,610940,CUBE ROOT ( Combind ),Moneygram for KSA-ID Corridor,Moneygram for KSA-ID Corridor,2016-11-05T07:50:13.388000,Paused,10/20/2016 00:00,11/05/2016 23:59,Amount,40000,Daily,Even,100,10/20/2016 00:00,11/05/2016 23:59,Amount,40000,Daily,Even,100,True,50,Lifetime,0,2,TMCM,0,,
8989353,AdFederal India,610940,CUBE ROOT ( Combind ),HDFC AGRO,Mumbai,2016-10-24T08:49:50.890000,Paused,10/20/2016 00:00,10/31/2016 23:59,Amount,20000,Daily,Even,2000,10/20/2016 00:00,10/31/2016 23:59,Amount,5000,Daily,Even,500,False,0,Minutes,0,0,TMCM,0,,
8989354,AdFederal India,610940,CUBE ROOT ( Combind ),HDFC AGRO,Karnataka,2016-10-24T08:49:48.420000,Paused,10/20/2016 00:00,10/31/2016 23:59,Amount,20000,Daily,Even,2000,10/20/2016 00:00,10/31/2016 23:59,Amount,5000,Daily,Even,500,False,0,Minutes,0,0,TMCM,0,,
8989355,AdFederal India,610940,CUBE ROOT ( Combind ),HDFC AGRO,Kolkata,2016-10-24T08:49:47.484000,Paused,10/20/2016 00:00,10/31/2016 23:59,Amount,20000,Daily,Even,2000,10/20/2016 00:00,10/31/2016 23:59,Amount,5000,Daily,Even,500,False,0,Minutes,0,0,TMCM,0,,
8989356,AdFederal India,610940,CUBE ROOT ( Combind ),HDFC AGRO,Chennai,2016-10-24T08:49:49.592000,Paused,10/20/2016 00:00,10/31/2016 23:59,Amount,20000,Daily,Even,2000,10/20/2016 00:00,10/31/2016 23:59,Amount,5000,Daily,Even,500,False,0,Minutes,0,0,TMCM,0,,
9124698,AdFederal India,610940,CUBE ROOT ( Combind ),Bisleri -OCT 16(28 OCT-6 NOV),Bisleri -OCT 16(28 OCT-6 NOV),2016-11-05T07:49:52.178000,Paused,10/30/2016 00:00,11/08/2016 23:59,Amount,10000,Daily,Even,1000,10/30/2016 00:00,11/08/2016 23:59,Amount,10000,Daily,Even,1000,False,0,Minutes,0,2,TMCM,0,,
9182289,AdFederal India,610940,CUBE ROOT ( Combind ),Bisleri -OCT 16(28 OCT-6 NOV)_New,Bisleri_Grofers Apps,2016-11-08T05:42:34.019000,Active,11/03/2016 00:00,12/15/2016 23:59,Amount,10000,Daily,Even,100,11/03/2016 00:00,12/15/2016 23:59,Amount,10000,Daily,Even,100,True,100,Lifetime,0,2,TMCM,0,,
5588081,AdFederal India,610940,Kailis Jewellery ( Chinese Fashion Network March),Kailis Jewellery,Kailis Jewellery,2016-07-28T02:20:56.362000,Active,03/01/2016 00:00,03/31/2016 23:59,Amount,300,Daily,Even,10,03/01/2016 00:00,03/31/2016 23:59,Amount,300,Daily,Even,10,False,0,Minutes,0,0.4,TMCM,0,,
3879780,AdFederal India,610940,Lufthana SP SEP,Lufthansa SP SEP,Lufthansa SP Channai,2016-07-28T17:49:56.566000,Paused,09/15/2015 00:00,09/30/2015 23:59,Amount,195000,Daily,Even,20000,09/15/2015 00:00,09/30/2015 23:59,Amount,73500,Daily,Even,8000,False,0,Minutes,0,5,TMCM,0,,
3931593,AdFederal India,610940,Lufthana SP SEP,Lufthansa SP SEP,Lufthansa SP- ROI,2016-07-28T17:49:57.332000,Paused,09/15/2015 00:00,09/30/2015 23:59,Amount,195000,Daily,Even,20000,09/15/2015 00:00,09/30/2015 23:59,Amount,73500,Daily,Even,8000,False,0,Minutes,0,5,TMCM,0,,
3931599,AdFederal India,610940,Lufthana SP SEP,Lufthansa SP SEP,ELEVE SP (CHANNAI),2016-07-28T17:49:51.562000,Paused,09/15/2015 00:00,09/30/2015 23:59,Amount,195000,Daily,Even,20000,09/15/2015 00:00,09/30/2015 23:59,Amount,25000,Daily,Even,4000,False,0,Minutes,0,0,TMCM,0,,
3931600,AdFederal India,610940,Lufthana SP SEP,Lufthansa SP SEP,ELEVE SP- (ROI),2016-07-28T17:49:53.882000,Paused,09/15/2015 00:00,09/30/2015 23:59,Amount,195000,Daily,Even,20000,09/15/2015 00:00,09/30/2015 23:59,Amount,40000,Daily,Even,5000,False,0,Minutes,0,5,TMCM,0,,
3001103,AdFederal India,610940,Prajavani,Prajavani,Prajavani,2016-07-21T02:13:06.166000,Active,04/16/2015 00:00,06/15/2015 23:59,Amount,50,Daily,Even,0.5,04/16/2015 00:00,06/15/2015 23:59,Amount,50,Flight,Even,0,False,0,Minutes,0,0,TMCM,0,,
3138738,AdFederal India,610940,American Swan,American Swan,American Swan- Men,2016-07-27T16:10:49.950000,Active,05/15/2015 00:00,05/30/2015 23:59,Amount,2,Flight,Even,0,05/15/2015 00:00,05/30/2015 23:59,Amount,1,Flight,Even,0,False,0,Minutes,0,0,TMCM,0,,
3138739,AdFederal India,610940,American Swan,American Swan,American Swan - Women,2016-07-27T16:10:49.114000,Active,05/15/2015 00:00,05/30/2015 23:59,Amount,2,Flight,Even,0,05/15/2015 00:00,05/30/2015 23:59,Amount,1,Flight,Even,0,False,0,Minutes,0,0,TMCM,0,,
8958770,AdFederal India,610940,American Swan,test,test,2016-10-18T12:50:19.977000,Active,10/19/2016 00:00,11/17/2016 23:59,Amount,20000,Daily,Even,1000,10/19/2016 00:00,11/17/2016 23:59,Amount,10000,Daily,Even,1000,False,0,Minutes,0,1,TMCM,0,,
8958771,AdFederal India,610940,American Swan,test,test,2016-10-18T12:50:26.450000,Active,10/19/2016 00:00,11/17/2016 23:59,Amount,20000,Daily,Even,1000,10/19/2016 00:00,11/17/2016 23:59,Amount,10000,Daily,Even,1000,False,0,Minutes,0,1,TMCM,0,,
4884930,AdFederal India,610940,Health world,Health world,Health world,2016-07-27T06:36:57.373000,Active,12/23/2015 00:00,02/20/2016 23:59,Amount,2000,Daily,Even,50,12/23/2015 00:00,02/20/2016 23:59,Amount,2000,Daily,Even,50,True,100,Lifetime,0,0.4,TMCM,0,,
4100619,AdFederal India,610940,MBS Europe (1000 Click),MBS Europe,MBS Europe (1000),2016-07-28T08:54:24.273000,Active,09/30/2015 00:00,10/13/2015 23:59,Amount,300,Daily,Even,20,09/30/2015 00:00,10/13/2015 23:59,Amount,300,Daily,Even,10,False,0,Minutes,0,0.05,TMCM,0,,
5740984,AdFederal India,610940,Hindwarehomes Video (15 Sec),Hindwarehome Video,Hindwarehome Video,2016-10-10T17:17:13.936000,Active,03/08/2016 00:00,03/31/2016 23:59,Amount,50000,Daily,Even,5000,03/08/2016 00:00,03/31/2016 23:59,Amount,25000,Daily,Even,5000,False,0,Minutes,0,4,TMCM,0,,
4684715,AdFederal India,610940,TOEFL_Audience_JAN-15,TOEFL_Audience_Reg_JAN15,Audience_PAN INDIA_Abroad Education,2016-10-10T15:46:45.632000,Active,12/03/2015 00:00,01/31/2016 23:59,Amount,105000,Daily,Even,1000,12/03/2015 00:00,01/31/2016 23:59,Amount,100000,Daily,ASAP,1000,False,0,Minutes,0,4,TMCM,0,,
5328412,AdFederal India,610940,Hindware Remarketing,Hindware Remarketing,Hindwarehomes (Automate),2016-10-10T19:04:09.286000,Active,02/10/2016 00:00,03/31/2016 23:59,Amount,240000,Daily,Even,7500,02/10/2016 00:00,03/31/2016 23:59,Amount,40000,Daily,Even,500,False,0,Minutes,0,4,TMCM,0,,
5328413,AdFederal India,610940,Hindware Remarketing,Hindware Remarketing,Hindwarehomes ( Hindware),2016-10-10T19:04:09.286000,Active,02/10/2016 00:00,03/31/2016 23:59,Amount,240000,Daily,Even,7500,02/10/2016 00:00,03/31/2016 23:59,Amount,40000,Daily,Even,500,False,0,Minutes,0,4,TMCM,0,,
5328415,AdFederal India,610940,Hindware Remarketing,Hindware Remarketing,Hindwarehomes (Kylis),2016-10-10T19:04:09.286000,Active,02/10/2016 00:00,03/31/2016 23:59,Amount,240000,Daily,Even,7500,02/10/2016 00:00,03/31/2016 23:59,Amount,40000,Daily,Even,500,False,0,Minutes,0,4,TMCM,0,,
5328416,AdFederal India,610940,Hindware Remarketing,Hindware Remarketing,Hindwarehomes (Poncho),2016-10-10T19:04:09.286000,Active,02/10/2016 00:00,03/31/2016 23:59,Amount,240000,Daily,Even,7500,02/10/2016 00:00,03/31/2016 23:59,Amount,40000,Daily,Even,500,False,0,Minutes,0,4,TMCM,0,,
5328417,AdFederal India,610940,Hindware Remarketing,Hindware Remarketing,Hindwarehomes (Star Rating),2016-10-10T19:04:09.286000,Active,02/10/2016 00:00,03/31/2016 23:59,Amount,240000,Daily,Even,7500,02/10/2016 00:00,03/31/2016 23:59,Amount,40000,Daily,Even,500,False,0,Minutes,0,4,TMCM,0,,
4489695,AdFederal India,610940,Consumer Promo ( Hindware),Consumer Promo (Hindware),Consumer Promo (Hindware),2016-10-10T15:44:17.412000,Active,11/15/2015 00:00,12/15/2015 23:59,Amount,30000,Daily,Even,2000,11/15/2015 00:00,12/15/2015 23:59,Amount,30000,Daily,Even,2000,False,0,Minutes,0,5,TMCM,0,,
3704768,AdFederal India,610940,Monash University(SriLanka),Monash University (SriLanka),Monash University(SriLanka),2016-10-10T16:53:59.723000,Paused,08/16/2015 00:00,10/10/2015 23:59,Amount,600,Daily,ASAP,10,08/16/2015 00:00,10/10/2015 23:59,Amount,600,Daily,ASAP,5,False,0,Minutes,0,0.03,TMCM,0,,
4495153,AdFederal India,610940,Lufthansa TAM (NOV) ADV,Lufthansa TAM (NOV),PE Delhi (17 NOV TO 30 NOV),2016-10-10T15:38:23.408000,Paused,11/16/2015 00:00,11/30/2015 23:59,Amount,100000,Daily,Even,2500,11/16/2015 00:00,11/30/2015 23:59,Amount,25000,Daily,Even,2500,False,0,Minutes,0,5,TMCM,0,,
4495160,AdFederal India,610940,Lufthansa TAM (NOV) ADV,Lufthansa TAM (NOV),PE Mumbai (17 Nov To 30 Nov),2016-10-10T15:38:23.408000,Paused,11/16/2015 00:00,11/30/2015 23:59,Amount,100000,Daily,Even,2500,11/16/2015 00:00,11/30/2015 23:59,Amount,25000,Daily,Even,2500,False,0,Minutes,0,5,TMCM,0,,
4495168,AdFederal India,610940,Lufthansa TAM (NOV) ADV,Lufthansa TAM (NOV),PE Bangalore (17 Nov to 30 Nov ),2016-10-10T15:38:23.408000,Paused,11/16/2015 00:00,11/30/2015 23:59,Amount,100000,Daily,Even,2500,11/16/2015 00:00,11/30/2015 23:59,Amount,25000,Daily,Even,2500,False,0,Minutes,0,5,TMCM,0,,
4495170,AdFederal India,610940,Lufthansa TAM (NOV) ADV,Lufthansa TAM (NOV),PE Chennai (17 Nov to 30 Nov),2016-10-10T15:38:23.408000,Paused,11/16/2015 00:00,11/30/2015 23:59,Amount,100000,Daily,Even,2500,11/16/2015 00:00,11/30/2015 23:59,Amount,25000,Daily,Even,2500,False,0,Minutes,0,5,TMCM,0,,
4104382,AdFederal India,610940,FNY (install),FNY (install 500),FNY Install (500),2016-07-21T04:59:48.851000,Active,10/01/2015 00:00,10/05/2015 23:59,Amount,10000,Daily,Even,2000,10/01/2015 00:00,10/05/2015 23:59,Amount,10000,Daily,Even,2000,False,0,Minutes,0,20,TMCM,0,,
3546657,AdFederal India,610940,Red Fm,Red Fm,Red Fm,2016-07-21T07:05:47.880000,Active,07/21/2015 00:00,07/24/2015 23:59,Amount,314,Daily,ASAP,80,07/21/2015 00:00,07/24/2015 23:59,Amount,314,Daily,ASAP,80,False,0,Minutes,0,0,TMCM,0,,
5737242,AdFederal India,610940,Kaillis AUS ( Chinese fashion Week),Killis AUS,Killis AUS,2016-07-31T15:56:39.807000,Paused,03/07/2016 00:00,03/31/2016 23:59,Amount,300,Daily,Even,10,03/07/2016 00:00,03/31/2016 23:59,Amount,300,Daily,Even,20,False,0,Minutes,0,0,TMCM,0,,
4178262,AdFederal India,610940,Hindware,Hindware,Hind ware Appliance (PROG),2016-10-10T18:03:41.767000,Active,10/11/2015 00:00,11/11/2015 23:59,Amount,90000,Daily,Even,4000,10/11/2015 00:00,11/11/2015 23:59,Amount,60000,Daily,Even,500,False,0,Minutes,0,2,TMCM,0,,
4315158,AdFederal India,610940,Hindware,Hindware,Hindware Appliance Display (GDN),2016-10-10T18:03:41.767000,Active,10/11/2015 00:00,11/11/2015 23:59,Amount,90000,Daily,Even,4000,10/11/2015 00:00,11/11/2015 23:59,Amount,40000,Daily,Even,2000,True,200,Lifetime,0,2,TMCM,0,,
3229752,AdFederal India,610940,MBS AUS June,MBS Mt Eliza,MBS Mt Eliza,2016-10-10T16:04:27.139000,Active,06/05/2015 00:00,07/04/2015 23:59,Amount,100,Daily,Even,4,06/05/2015 00:00,07/04/2015 23:59,Amount,10,Daily,ASAP,1,False,0,Minutes,0,0.1,TMCM,0,,
9101847,AdFederal India,610940,Airtel India-OCT 16,Airtel OCT-16,Airtel India-16,2016-10-28T10:58:06.410000,Active,10/28/2016 00:00,11/30/2016 23:59,Amount,5000,Daily,Even,500,10/28/2016 00:00,11/30/2016 23:59,Amount,5000,Daily,Even,500,False,0,Minutes,0,4,TMCM,0,,
4860077,AdFederal India,610940,Maruti Wagon R,Maruti Wagon R,Maruti Wagon R,2016-10-10T15:54:55.729000,Active,12/21/2015 00:00,12/26/2015 23:59,Amount,4000,Daily,Even,1000,12/21/2015 00:00,12/26/2015 23:59,Unlimited,0,Flight,ASAP,0,False,0,Minutes,0,4,TMCM,0,,
3254046,AdFederal India,610940,Lufthana SP,Lufthansa Special pricing,Lufthansa SP ROI,2016-10-10T16:14:13.251000,Paused,06/07/2015 00:00,09/30/2015 23:59,Amount,76750.46,Daily,ASAP,15,06/07/2015 00:00,09/30/2015 23:59,Amount,76750,Daily,Even,10,False,0,Minutes,0,0.1,TMCM,0,,
3291097,AdFederal India,610940,Lufthana SP,Lufthansa Special pricing,Lufthansa (SP) Chennai,2016-10-10T16:14:13.251000,Paused,06/07/2015 00:00,09/30/2015 23:59,Amount,76750.46,Daily,ASAP,15,06/07/2015 00:00,09/30/2015 23:59,Amount,500,Daily,Even,10,False,0,Minutes,0,0.1,TMCM,0,,
3434627,AdFederal India,610940,MBS GMP (12 july),MBS Senior Executive,MBS GMP,2016-07-28T05:19:09.417000,Paused,07/06/2015 00:00,07/31/2015 23:59,Amount,100,Daily,Even,1,07/06/2015 00:00,07/31/2015 23:59,Amount,100,Daily,Even,1,False,0,Minutes,0,0,TMCM,0,,
3705203,AdFederal India,610940,FNY Video (30 SEC),FNY VIDEO (30 SEC),FNY Video (30 SEC),2016-10-10T16:41:48.110000,Paused,08/17/2015 00:00,09/12/2015 23:59,Amount,80000,Daily,Even,3076,08/17/2015 00:00,09/12/2015 23:59,Amount,80000,Daily,Even,3076,False,0,Minutes,0,0,TMCM,0,,
3705191,AdFederal India,610940,Monash University (Kenya),Monash University (Kenya),Monash University (Kenya),2016-10-10T17:15:01.818000,Paused,08/16/2015 00:00,10/11/2015 23:59,Amount,450,Daily,ASAP,3,08/16/2015 00:00,10/11/2015 23:59,Amount,450,Daily,ASAP,3,False,0,Minutes,0,0.05,TMCM,0,,
3227044,AdFederal India,610940,Telstra Mobile -Chinese Premium June 15,Chinese June 2015,Chinese - Mobile & Tablet,2016-10-10T17:02:47.544000,Active,06/01/2015 00:00,06/28/2015 23:59,Amount,2018,Daily,ASAP,20,06/01/2015 00:00,06/28/2015 23:59,Amount,1000,Daily,Even,15,False,0,Minutes,0,0.15,TMCM,0,,
3227047,AdFederal India,610940,Telstra Mobile -Chinese Premium June 15,Chinese June 2015,Chinese Desktop,2016-10-10T17:02:47.544000,Active,06/01/2015 00:00,06/28/2015 23:59,Amount,2018,Daily,ASAP,20,06/01/2015 00:00,06/28/2015 23:59,Amount,1000,Daily,Even,10,True,15,Lifetime,0,0.1,TMCM,0,,
3333646,AdFederal India,610940,Telstra Mobile -Chinese Premium June 15,Mobile Device - Chinese - AUS-june,Smartphone,2016-07-27T15:16:48.735000,Active,06/22/2015 00:00,06/28/2015 23:59,Amount,1000,Daily,ASAP,1,06/22/2015 00:00,06/28/2015 23:59,Amount,500,Daily,ASAP,50,False,0,Minutes,0,0.2,TMCM,0,,
3333648,AdFederal India,610940,Telstra Mobile -Chinese Premium June 15,Mobile Device - Chinese - AUS-june,tablet,2016-07-27T15:16:52.972000,Active,06/22/2015 00:00,06/28/2015 23:59,Amount,1000,Daily,ASAP,1,06/22/2015 00:00,06/28/2015 23:59,Amount,500,Daily,ASAP,50,False,0,Minutes,0,0.2,TMCM,0,,
4501986,AdFederal India,610940,Lufthansa TAM IV Campaign Nov15 (ELEVE),Lufthansa TAM IV Campaign Nov15,PE  Delhi,2016-10-10T15:40:45.082000,Paused,11/16/2015 00:00,11/30/2015 23:59,Amount,60000,Daily,Even,6000,11/16/2015 00:00,11/30/2015 23:59,Amount,15000,Daily,ASAP,1250,False,0,Minutes,0,0,TMCM,0,,
4502299,AdFederal India,610940,Lufthansa TAM IV Campaign Nov15 (ELEVE),Lufthansa TAM IV Campaign Nov15,PE Mumbai nov 15,2016-10-10T15:40:45.082000,Paused,11/16/2015 00:00,11/30/2015 23:59,Amount,60000,Daily,Even,6000,11/16/2015 00:00,11/30/2015 23:59,Amount,15000,Daily,Even,1250,False,0,Minutes,0,0,TMCM,0,,
4502304,AdFederal India,610940,Lufthansa TAM IV Campaign Nov15 (ELEVE),Lufthansa TAM IV Campaign Nov15,PE Chennai nov15,2016-10-10T15:40:45.082000,Paused,11/16/2015 00:00,11/30/2015 23:59,Amount,60000,Daily,Even,6000,11/16/2015 00:00,11/30/2015 23:59,Amount,15000,Daily,ASAP,1250,False,0,Minutes,0,0,TMCM,0,,
4502306,AdFederal India,610940,Lufthansa TAM IV Campaign Nov15 (ELEVE),Lufthansa TAM IV Campaign Nov15,PE Banglore nov15,2016-10-10T15:40:45.082000,Paused,11/16/2015 00:00,11/30/2015 23:59,Amount,60000,Daily,Even,6000,11/16/2015 00:00,11/30/2015 23:59,Amount,15000,Daily,ASAP,1250,False,0,Minutes,0,0,TMCM,0,,
4621375,AdFederal India,610940,Consumerpromo_retargeting,Consumer promo_Retargeting,Consumer promo_Retargeting,2016-10-10T15:52:32.495000,Paused,11/26/2015 00:00,12/15/2015 23:59,Amount,25000,Daily,Even,2000,11/26/2015 00:00,12/15/2015 23:59,Amount,25000,Daily,Even,2000,False,0,Minutes,0,4,TMCM,0,,
5878062,AdFederal India,610940,Kailis Jewellery ( Revised),Kailis Jewellery ( Revised),Kailis Jewellery ( Desktop),2016-10-10T16:57:54.361000,Active,03/11/2016 00:00,03/31/2016 23:59,Amount,1000,Daily,Even,40,03/11/2016 00:00,03/31/2016 23:59,Amount,500,Daily,Even,20,True,100,Lifetime,0,0.4,TMCM,0,,
5878069,AdFederal India,610940,Kailis Jewellery ( Revised),Kailis Jewellery ( Revised),Kailis Jewellery ( Mobile ),2016-10-10T16:57:54.361000,Paused,03/11/2016 00:00,03/31/2016 23:59,Amount,1000,Daily,Even,40,03/11/2016 00:00,03/31/2016 23:59,Amount,500,Daily,Even,20,True,100,Lifetime,0,0.4,TMCM,0,,
6591438,AdFederal India,610940,Hindware Fan Video campaign_April16,Hindware Fan Video campaoign,Hindware Fan Video campaign,2016-10-10T17:04:15.806000,Paused,04/12/2016 00:00,04/30/2016 23:59,Amount,100000,Daily,ASAP,10000,04/12/2016 00:00,04/30/2016 23:59,Amount,100000,Daily,ASAP,10000,False,0,Minutes,0,0,TMCM,0,,
3566799,AdFederal India,610940,VideoconD2H,Voonik-Apps Install,voonik-apps install -smartphone +tablet,2016-10-10T16:12:32.422000,Paused,07/23/2015 00:00,07/31/2015 23:59,Amount,60000,Daily,Even,1000,07/23/2015 00:00,07/31/2015 23:59,Amount,10000,Daily,Even,1000,False,0,Minutes,0,0,TMCM,0,,
9129130,AdFederal India,610940,VideoconD2H,VideoconD2H,VideoconD2H - MOBILE,2016-10-31T11:04:13.459000,Paused,10/31/2016 00:00,11/03/2016 23:59,Amount,5000,Daily,Even,1000,10/31/2016 00:00,11/03/2016 23:59,Amount,2500,Daily,Even,500,False,0,Minutes,0,2,TMCM,0,,
9129139,AdFederal India,610940,VideoconD2H,VideoconD2H,VideoconD2H - DESKTOP,2016-10-31T11:04:01.924000,Paused,10/31/2016 00:00,11/03/2016 23:59,Amount,5000,Daily,Even,1000,10/31/2016 00:00,11/03/2016 23:59,Amount,2500,Daily,Even,500,False,0,Minutes,0,2,TMCM,0,,
3810893,AdFederal India,610940,RBC-CoreAccount-Wave 2,RBC-CoreAccount-Wave 2,RBC-CoreAccount-Wave 2,2016-10-10T16:53:16.022000,Active,09/01/2015 00:00,09/17/2015 23:59,Amount,20000,Daily,ASAP,1500,09/01/2015 00:00,09/17/2015 23:59,Amount,20000,Daily,Even,1500,False,0,Minutes,0,0,TMCM,0,,
3955315,AdFederal India,610940,RBC-CoreAccount-Wave 2,RBC-CoreAccount-Wave 2,RBC-core-clicks,2016-10-10T16:53:16.022000,Active,09/01/2015 00:00,09/17/2015 23:59,Amount,20000,Daily,ASAP,1500,09/01/2015 00:00,09/17/2015 23:59,Amount,5000,Flight,ASAP,0,False,0,Minutes,0,0,TMCM,0,,
3705205,AdFederal India,610940,FNY Video (10 SEC),FNY Video (10 SEC),FNY video (10 SEC),2016-07-21T19:35:41.343000,Active,08/16/2015 00:00,09/12/2015 23:59,Amount,80000,Daily,ASAP,3076,08/16/2015 00:00,09/12/2015 23:59,Amount,80000,Daily,ASAP,3076,False,0,Minutes,0,1,TMCM,0,,
6801508,AdFederal India,610940,Rimless_Video_ MAY16,Rimless_Video,Rimless_Video_Aprl16,2016-10-10T15:25:00.634000,Active,04/28/2016 00:00,05/15/2016 23:59,Amount,50000,Daily,Even,5000,04/28/2016 00:00,05/15/2016 23:59,Amount,50000,Daily,Even,5000,False,0,Minutes,0,10,TMCM,0,,
6808489,AdFederal India,610940,Rimless_Video_ MAY16,Rimless_Video_ ( VAST 2.0),Rimless_Video_  ( VAST 2.0),2016-10-10T15:25:00.634000,Paused,04/28/2016 00:00,05/31/2016 23:59,Amount,100000,Daily,ASAP,5000,04/28/2016 00:00,05/31/2016 23:59,Amount,50000,Daily,Even,5000,False,0,Minutes,0,0,TMCM,0,,
6836901,AdFederal India,610940,Rimless_Video_ MAY16,Rimless_Video_ ( VAST 2.0),Specific Site list- Goal- Video Completions,2016-10-10T15:25:00.634000,Active,04/28/2016 00:00,05/31/2016 23:59,Amount,100000,Daily,ASAP,5000,04/29/2016 00:00,05/31/2016 23:59,Amount,100000,Daily,ASAP,5000,False,0,Minutes,0,0,TMCM,0,,
6871182,AdFederal India,610940,Rimless_Video_ MAY16,Rimless_Video_ ( VAST 2.0),Target selected Sites,2016-10-10T15:25:00.634000,Paused,04/28/2016 00:00,05/31/2016 23:59,Amount,100000,Daily,ASAP,5000,05/03/2016 00:00,05/31/2016 23:59,Amount,20000,Daily,Even,1000,False,0,Minutes,0,0,TMCM,0,,
4904909,AdFederal India,610940,Moonbow Impact Proposition,Moonbow Impact Proposition,Moonbow Idiva,2016-10-10T16:06:44.310000,Paused,12/26/2015 00:00,01/15/2016 23:59,Amount,10000,Daily,Even,500,12/26/2015 00:00,01/15/2016 23:59,Amount,5000,Daily,Even,500,False,0,Minutes,0,4,TMCM,0,,
4904913,AdFederal India,610940,Moonbow Impact Proposition,Moonbow Impact Proposition,Moonbow Menxp,2016-10-10T16:06:44.310000,Paused,12/26/2015 00:00,01/15/2016 23:59,Amount,10000,Daily,Even,500,12/26/2015 00:00,01/15/2016 23:59,Amount,5000,Daily,Even,500,False,0,Minutes,0,4,TMCM,0,,
3051253,AdFederal India,610940,Wind Mobile,Wind mobile Canada,Wind mobile- MOBIL,2016-07-20T16:35:59.602000,Active,04/28/2015 00:00,05/31/2015 23:59,Amount,150,Flight,Even,0,04/28/2015 00:00,05/31/2015 23:59,Amount,80,Flight,Even,0,False,0,Minutes,0,0,TMCM,0,4569529;,Bid Manager Audiences » Affinity Categories » Mobile Enthusiasts;
3051254,AdFederal India,610940,Wind Mobile,Wind mobile Canada,Wind Mobile - BIG SCREEN,2016-07-27T15:53:06.879000,Active,04/28/2015 00:00,05/31/2015 23:59,Amount,150,Flight,Even,0,04/28/2015 00:00,05/31/2015 23:59,Amount,50,Flight,ASAP,0,False,0,Minutes,0,0,TMCM,0,,
3254049,AdFederal India,610940,Lufthansa PE,Lufthansa PE,Lufthansa PE,2016-10-10T16:56:20.078000,Active,06/09/2015 00:00,06/18/2015 23:59,Amount,812.79,Daily,Even,50,06/09/2015 00:00,06/18/2015 23:59,Amount,1000,Daily,Even,50,True,100,Lifetime,0,0.1,TMCM,0,,
3291094,AdFederal India,610940,Lufthansa PE,Lufthansa PE,Desktop  Lufthansa-june (PE),2016-10-10T16:56:20.078000,Active,06/09/2015 00:00,06/18/2015 23:59,Amount,812.79,Daily,Even,50,06/09/2015 00:00,06/18/2015 23:59,Amount,500,Daily,Even,200,False,0,Minutes,0,0,TMCM,0,,
3291095,AdFederal India,610940,Lufthansa PE,Lufthansa PE,Mobile- lufthansa (PE),2016-10-10T16:56:20.078000,Active,06/09/2015 00:00,06/18/2015 23:59,Amount,812.79,Daily,Even,50,06/09/2015 00:00,06/18/2015 23:59,Amount,1000,Daily,Even,500,False,0,Minutes,0,0,TMCM,0,,
3436077,AdFederal India,610940,Loanwalle  July 2015,Loanwalle July 2015,Loanwalle July 2015,2016-10-10T16:46:11.058000,Active,07/06/2015 00:00,08/06/2015 23:59,Amount,200,Daily,ASAP,5,07/06/2015 00:00,08/06/2015 23:59,Amount,100,Daily,Even,5,False,0,Minutes,0,0,TMCM,0,,
3470680,AdFederal India,610940,Loanwalle  July 2015,Loanwalle 13th July 2015 delhi/ncr- personal loan,Loanwalle July 2015,2016-10-10T16:46:11.058000,Active,07/13/2015 00:00,08/06/2015 23:59,Amount,500,Daily,ASAP,15,07/13/2015 00:00,08/06/2015 23:59,Amount,100,Daily,Even,5,False,0,Minutes,0,0,TMCM,0,,
5087132,AdFederal India,610940,Batsondelivery ( CPC),Batsondelivery ( Porn Sites),Batsondelivery ( Porn Sites Only ),2016-07-27T21:28:18.367000,Active,01/21/2016 00:00,01/31/2016 23:59,Amount,10000,Daily,Even,1000,01/21/2016 00:00,01/31/2016 23:59,Amount,10000,Daily,Even,1000,False,0,Minutes,0,0.1,TMCM,0,,
7502187,AdFederal India,610940,VIDEO-IOs,India Food Network-VIDEO,India Food Network-VIDEO,2016-10-10T15:55:48.719000,Paused,06/16/2016 00:00,07/25/2016 23:59,Amount,10000,Daily,Even,1000,06/16/2016 00:00,07/25/2016 23:59,Amount,10000,Daily,Even,1000,False,0,Minutes,0,0,TMCM,0,,
8181896,AdFederal India,610940,VIDEO-IOs,Housefull_Video_Pro,Jumping_Video,2016-09-15T06:48:09.932000,Paused,08/18/2016 00:00,09/20/2016 23:59,Amount,395000.53,Daily,ASAP,20000,08/18/2016 00:00,09/20/2016 23:59,Amount,250000,Daily,Even,10000,False,0,Minutes,0,0,TMCM,0,,
8181897,AdFederal India,610940,VIDEO-IOs,Housefull_Video_Pro,TT_Video,2016-09-15T06:48:12.621000,Paused,08/18/2016 00:00,09/20/2016 23:59,Amount,395000.53,Daily,ASAP,20000,08/18/2016 00:00,09/20/2016 23:59,Amount,190000,Daily,Even,10000,False,0,Minutes,0,0,TMCM,0,,
8563368,AdFederal India,610940,VIDEO-IOs,Housefull_Video_Pro,Banner Only ( Housefull),2016-09-16T07:26:31.874000,Active,08/18/2016 00:00,09/20/2016 23:59,Amount,395000.53,Daily,ASAP,20000,09/14/2016 00:00,09/20/2016 23:59,Amount,30000,Daily,Even,3000,False,0,Minutes,0,0,TMCM,0,,
3135803,AdFederal India,610940,Hindware - Dreambath,Airf Vistara,Air Vistara- Visits,2016-07-27T13:12:33.706000,Active,05/14/2015 00:00,05/31/2015 23:59,Amount,1200.01,Flight,ASAP,0,05/26/2015 00:00,05/30/2015 23:59,Unlimited,0,Daily,Even,50,False,0,Minutes,0,0,TMCM,0,,
3160585,AdFederal India,610940,Hindware - Dreambath,Airf Vistara,Air Vistara- conversion,2016-07-27T13:12:35.574000,Active,05/14/2015 00:00,05/31/2015 23:59,Amount,1200.01,Flight,ASAP,0,05/26/2015 00:00,05/30/2015 23:59,Unlimited,0,Daily,Even,50,False,0,Minutes,0,0,TMCM,0,,
6858059,AdFederal India,610940,Youth4india_ManipalUniversityOct16,Youth for india,Hardwork,2016-10-10T15:14:10.893000,Active,05/02/2016 00:00,06/04/2016 23:59,Amount,100000,Daily,ASAP,200,05/02/2016 00:00,06/04/2016 23:59,Amount,25000,Daily,ASAP,100,True,50,Lifetime,0,0,TMCM,0,,
6858060,AdFederal India,610940,Youth4india_ManipalUniversityOct16,Youth for india,Starvation,2016-10-10T15:14:10.893000,Paused,05/02/2016 00:00,06/04/2016 23:59,Amount,100000,Daily,ASAP,200,05/02/2016 00:00,06/04/2016 23:59,Amount,15000,Daily,ASAP,500,True,100,Lifetime,0,0,TMCM,0,,
6858061,AdFederal India,610940,Youth4india_ManipalUniversityOct16,Youth for india,Teaching,2016-10-10T15:14:10.893000,Active,05/02/2016 00:00,06/04/2016 23:59,Amount,100000,Daily,ASAP,200,05/02/2016 00:00,06/04/2016 23:59,Amount,35000,Daily,ASAP,100,True,50,Lifetime,0,0,TMCM,0,,
6858062,AdFederal India,610940,Youth4india_ManipalUniversityOct16,Youth for india,English,2016-10-10T15:14:10.893000,Paused,05/02/2016 00:00,06/04/2016 23:59,Amount,100000,Daily,ASAP,200,05/02/2016 00:00,06/04/2016 23:59,Amount,25000,Daily,ASAP,500,True,100,Lifetime,0,0,TMCM,0,,
5347665,AdFederal India,610940,8287,Bookmybloom -FEB,Bookmybloom -FEB,2016-07-27T16:45:06.471000,Active,02/12/2016 00:00,02/29/2016 23:59,Amount,20000,Daily,Even,1000,02/12/2016 00:00,02/29/2016 23:59,Amount,20000,Daily,Even,1000,False,0,Minutes,0,4,TMCM,0,,
5389696,AdFederal India,610940,8287,Bookmybloom -FEB,BOOKMYBLOOM ( hasoffer),2016-10-10T16:36:02.978000,Active,02/12/2016 00:00,02/29/2016 23:59,Amount,20000,Daily,Even,1000,02/12/2016 00:00,02/29/2016 23:59,Amount,10000,Daily,Even,500,False,0,Minutes,0,4,TMCM,0,,
9160666,AdFederal India,610940,8287,8287- (appnexus)NOV 16,8287- (appnexus)NOV 16,2016-11-02T11:12:55.976000,Active,11/05/2016 00:00,11/30/2016 23:59,Amount,5000,Daily,Even,500,11/05/2016 00:00,11/30/2016 23:59,Amount,5000,Daily,Even,500,False,0,Minutes,0,4,TMCM,0,,
9160670,AdFederal India,610940,8287,8287-(DBM) Nov 16,8287-(DBM) Nov 16,2016-11-02T11:03:05.096000,Active,11/05/2016 00:00,11/30/2016 23:59,Amount,5000,Daily,Even,500,11/05/2016 00:00,11/30/2016 23:59,Amount,5000,Daily,Even,500,False,0,Minutes,0,4,TMCM,0,,
3925466,AdFederal India,610940,OROVIA-MUMBAI-VIDEO30SEC,OROVIO-30 SEC VIDEO,OROVIA-30SEC-MUMBAI,2016-10-10T17:23:03.545000,Active,09/11/2015 00:00,09/30/2015 23:59,Amount,10000,Daily,Even,500,09/11/2015 00:00,09/30/2015 23:59,Amount,10000,Daily,ASAP,600,False,0,Minutes,0,20,TMCM,0,,
3925468,AdFederal India,610940,OROVIA-MUMBAI-VIDEO30SEC,OROVIO-30 SEC VIDEO,OROVIA-MUMBAI-30SECVIDEO-TAG,2016-10-10T17:23:03.545000,Paused,09/11/2015 00:00,09/30/2015 23:59,Amount,10000,Daily,Even,500,09/11/2015 00:00,09/30/2015 23:59,Amount,10000,Flight,ASAP,0,True,25,Lifetime,0,20,TMCM,0,,
3574250,AdFederal India,610940,Telstra South Asian (July to August),South Asian (JUNE to AUG),South Asian (Desktop),2016-10-10T16:54:32.166000,Active,07/26/2015 00:00,08/31/2015 23:59,Amount,2000,Daily,Even,20,07/26/2015 00:00,08/31/2015 23:59,Amount,1200,Daily,Even,20,True,30,Lifetime,0,0.05,TMCM,0,,
3574252,AdFederal India,610940,Telstra South Asian (July to August),South Asian (JUNE to AUG),South Asian (Mobile & tablet),2016-10-10T16:54:32.166000,Active,07/26/2015 00:00,08/31/2015 23:59,Amount,2000,Daily,Even,20,07/26/2015 00:00,08/31/2015 23:59,Amount,600,Daily,Even,20,False,0,Minutes,0,0.1,TMCM,0,,
4532917,AdFederal India,610940,UAE Click,UAE Click,UAE Click,2016-10-10T15:33:56.332000,Paused,11/18/2015 00:00,12/10/2015 23:59,Amount,20000,Daily,Even,2000,11/18/2015 00:00,12/10/2015 23:59,Amount,20000,Daily,Even,2000,False,0,Minutes,0,8,TMCM,0,,
4990331,AdFederal India,610940,Health world (JAN),Health World (JAN),Health world ( JAN),2016-07-27T11:45:57.797000,Active,01/07/2016 00:00,02/20/2016 23:59,Amount,2000,Daily,Even,4,01/07/2016 00:00,02/20/2016 23:59,Amount,2000,Daily,Even,4,False,0,Minutes,0,0.1,TMCM,0,,
6761162,AdFederal India,610940,Spid Maruti,Spid Maruti,Spid Maruti,2016-10-10T15:22:02.809000,Active,04/26/2016 00:00,05/02/2016 23:59,Amount,20000,Daily,Even,11000,04/26/2016 00:00,05/02/2016 23:59,Amount,20000,Daily,Even,11000,False,0,Minutes,0,0,TMCM,0,,
5274905,AdFederal India,610940,Lufthansa TAM I Feb'16_Advantedges,Lufthansa TAM I Feb'16_Advantedges,Lufthansa TAM (Delhi),2016-10-10T16:36:20.014000,Active,02/09/2016 00:00,02/22/2016 23:59,Amount,150000,Daily,Even,12000,02/09/2016 00:00,02/22/2016 23:59,Amount,40000,Daily,Even,3000,True,25,Months,1,4,TMCM,0,,
5274909,AdFederal India,610940,Lufthansa TAM I Feb'16_Advantedges,Lufthansa TAM I Feb'16_Advantedges,Lufthansa TAM  ( Bangloure),2016-10-10T16:36:20.014000,Active,02/09/2016 00:00,02/22/2016 23:59,Amount,150000,Daily,Even,12000,02/09/2016 00:00,02/22/2016 23:59,Amount,40000,Daily,Even,3000,True,25,Months,1,4,TMCM,0,,
5274910,AdFederal India,610940,Lufthansa TAM I Feb'16_Advantedges,Lufthansa TAM I Feb'16_Advantedges,Lufthansa TAM (Mumbai & Pune),2016-10-10T16:36:20.014000,Active,02/09/2016 00:00,02/22/2016 23:59,Amount,150000,Daily,Even,12000,02/09/2016 00:00,02/22/2016 23:59,Amount,40000,Daily,Even,3000,True,25,Months,1,4,TMCM,0,,
5274911,AdFederal India,610940,Lufthansa TAM I Feb'16_Advantedges,Lufthansa TAM I Feb'16_Advantedges,Lufthansa TAM (Chennai ),2016-10-10T16:36:20.014000,Active,02/09/2016 00:00,02/22/2016 23:59,Amount,150000,Daily,Even,12000,02/09/2016 00:00,02/22/2016 23:59,Amount,40000,Daily,Even,3000,True,25,Months,1,4,TMCM,0,,
3879781,AdFederal India,610940,Lufthansa PE Sep,Lufthansa PE Sep,LF Sep- DELHI/Mumbai/Bengaluru,2016-07-28T04:39:22.619000,Active,09/15/2015 00:00,09/30/2015 23:59,Amount,160000,Daily,Even,18000,09/15/2015 00:00,09/30/2015 23:59,Amount,140000,Daily,Even,8000,False,0,Minutes,0,5,TMCM,0,,
3930478,AdFederal India,610940,Lufthansa PE Sep,Lufthansa PE Sep,LH SEP- MUMBAI,2016-07-28T04:39:26.585000,Paused,09/15/2015 00:00,09/30/2015 23:59,Amount,160000,Daily,Even,18000,09/15/2015 00:00,09/30/2015 23:59,Amount,50000,Daily,Even,5000,False,0,Minutes,0,5,TMCM,0,,
3930479,AdFederal India,610940,Lufthansa PE Sep,Lufthansa PE Sep,LH SEP- Bengaluru,2016-07-28T04:39:25.627000,Paused,09/15/2015 00:00,09/30/2015 23:59,Amount,160000,Daily,Even,18000,09/15/2015 00:00,09/30/2015 23:59,Amount,30000,Daily,Even,5000,False,0,Minutes,0,5,TMCM,0,,
7713185,AdFederal India,610940,9711,9711 ( DBM),9711-DBM,2016-11-07T07:13:33.911000,Active,07/04/2016 00:00,11/30/2016 23:59,Amount,150000,Daily,Even,500,07/04/2016 00:00,11/30/2016 23:59,Amount,10000,Daily,Even,500,False,0,Minutes,0,0,TMCM,0,,
7713186,AdFederal India,610940,9711,9711 ( DBM),9711-(APP),2016-10-25T04:34:17.966000,Paused,07/04/2016 00:00,11/30/2016 23:59,Amount,150000,Daily,Even,500,07/04/2016 00:00,11/30/2016 23:59,Amount,50000,Daily,Even,900,False,0,Minutes,0,4,TMCM,0,,
7774328,AdFederal India,610940,9711,9711 ( Apnexus),9711 (Apnexus),2016-11-09T09:01:19.405000,Active,07/08/2016 00:00,11/30/2016 23:59,Amount,234715.94,Daily,Even,1500,07/08/2016 00:00,11/30/2016 23:59,Amount,150000,Daily,ASAP,1000,False,0,Minutes,0,0,TMCM,0,,
9249533,AdFederal India,610940,9711,9711 ( Apnexus),Educationl sites,2016-11-09T09:16:08.836000,Active,07/08/2016 00:00,11/30/2016 23:59,Amount,234715.94,Daily,Even,1500,11/09/2016 00:00,11/30/2016 23:59,Amount,5000,Daily,Even,500,False,0,Minutes,0,4,TMCM,0,,
7792458,AdFederal India,610940,9711,9711 ( AOL),9711 ( AOL),2016-10-10T15:52:39.461000,Paused,07/09/2016 00:00,07/31/2016 23:59,Amount,30000,Daily,Even,3000,07/09/2016 00:00,07/31/2016 23:59,Amount,30000,Daily,Even,3000,False,0,Minutes,0,0,TMCM,0,,
8128597,AdFederal India,610940,9711,9711 ( OPENX),9711 ( OpenX),2016-08-30T08:41:58.938000,Paused,08/12/2016 00:00,09/30/2016 23:59,Amount,10000,Daily,Even,500,08/12/2016 00:00,09/30/2016 23:59,Amount,10000,Daily,Even,500,False,0,Minutes,0,0,TMCM,0,,
3193756,AdFederal India,610940,ANZ- real state,ANZ Real Estate,ANZ-  Real Estate,2016-07-27T13:35:17.181000,Active,05/26/2015 00:00,09/30/2015 23:59,Amount,400,Daily,ASAP,30,05/26/2015 00:00,09/30/2015 23:59,Amount,700,Daily,ASAP,30,False,0,Minutes,0,0,TMCM,0,,
4544948,AdFederal India,610940,TOEFL INDIA_NOV(END),TOEFL INDIA_NOV(END),TOEFL INDIA_NOV(END),2016-10-10T15:19:52.000000,Paused,11/19/2015 00:00,11/30/2015 23:59,Amount,21000,Daily,Even,3000,11/19/2015 00:00,11/30/2015 23:59,Amount,21000,Daily,Even,1000,False,0,Minutes,0,0,TMCM,0,,
3686483,AdFederal India,610940,TOEFL India,TOEFL India,TOEFL India,2016-10-10T17:00:16.904000,Active,08/13/2015 00:00,11/30/2015 23:59,Amount,248502.74,Daily,Even,4000,08/13/2015 00:00,11/30/2015 23:59,Amount,248502,Daily,Even,4000,False,0,Minutes,0,7,TMCM,0,,
4410229,AdFederal India,610940,TOEFL India,TOEFL India,TOEFL INDIA/ Limited Cities,2016-10-10T17:00:16.904000,Paused,08/13/2015 00:00,11/30/2015 23:59,Amount,248502.74,Daily,Even,4000,08/13/2015 00:00,11/30/2015 23:59,Amount,10000,Daily,Even,2000,False,0,Minutes,0,7,TMCM,0,,
3150977,AdFederal India,610940,NRMA (Sep to Oct),NRMA (Opel card),NSW Opal card,2016-10-10T16:20:23.974000,Paused,05/18/2015 00:00,10/16/2015 23:59,Amount,3000,Daily,ASAP,50,05/18/2015 00:00,07/31/2015 23:59,Amount,1,Daily,ASAP,1,False,0,Minutes,0,0,TMCM,0,,
3325281,AdFederal India,610940,NRMA (Sep to Oct),NRMA (Opel card),NRMA NSW Chinese,2016-07-28T03:07:32.004000,Paused,05/18/2015 00:00,10/16/2015 23:59,Amount,3000,Daily,ASAP,50,05/18/2015 00:00,10/16/2015 23:59,Amount,3000,Daily,ASAP,50,False,0,Minutes,0,0,TMCM,0,,
4257370,AdFederal India,610940,HP ENVY Visit,HP ENVY Visit,HP ENVY Visit,2016-07-26T16:55:39.627000,Active,10/20/2015 00:00,10/24/2015 23:59,Amount,10000,Daily,ASAP,2000,10/20/2015 00:00,10/24/2015 23:59,Amount,10000,Daily,ASAP,2000,False,0,Minutes,0,3,TMCM,0,,
3220232,AdFederal India,610940,Impact widget- Banner,Impact widget Banner,Impact widget Banner,2016-07-27T14:34:20.508000,Active,06/01/2015 00:00,06/30/2015 23:59,Amount,250.01,Daily,Even,10,06/01/2015 00:00,06/30/2015 23:59,Amount,250,Daily,Even,10,True,25,Lifetime,0,0.05,TMCM,0,,
3171291,AdFederal India,610940,Telstra Mobile AUS,Telstra Mobile -AUS,Telstra Chinese (Mobile &Tablet),2016-10-10T16:02:17.639000,Active,05/22/2015 00:00,06/28/2015 23:59,Amount,3000,Flight,Even,0,05/22/2015 00:00,06/28/2015 23:59,Amount,750,Daily,ASAP,50,True,25,Lifetime,0,0,TMCM,0,,
3171292,AdFederal India,610940,Telstra Mobile AUS,Telstra Mobile -AUS,Telstra chinese- Desktop,2016-07-20T16:34:59.054000,Active,05/22/2015 00:00,06/28/2015 23:59,Amount,3000,Flight,Even,0,05/22/2015 00:00,06/28/2015 23:59,Amount,750,Daily,ASAP,50,True,25,Lifetime,0,0,TMCM,0,,
3171294,AdFederal India,610940,Telstra Mobile AUS,Telstra Mobile -AUS,South Asian Telstra (Mobile & Tablet ),2016-10-10T16:02:17.639000,Active,05/22/2015 00:00,06/28/2015 23:59,Amount,3000,Flight,Even,0,05/22/2015 00:00,06/28/2015 23:59,Amount,750,Daily,ASAP,50,True,25,Lifetime,0,0,TMCM,0,,
3171295,AdFederal India,610940,Telstra Mobile AUS,Telstra Mobile -AUS,South Asian (Desktop),2016-10-10T16:02:17.639000,Active,05/22/2015 00:00,06/28/2015 23:59,Amount,3000,Flight,Even,0,05/22/2015 00:00,06/28/2015 23:59,Amount,750,Daily,ASAP,50,True,25,Lifetime,0,0,TMCM,0,,
3227015,AdFederal India,610940,Telstra Mobile - South Asian June 2015,South Asian Premium Network,South Asian (Desktop),2016-10-10T20:00:18.193000,Active,06/01/2015 00:00,08/31/2015 23:59,Amount,1979.95,Daily,Even,50,06/01/2015 00:00,08/31/2015 23:59,Amount,605,Daily,ASAP,20,True,25,Lifetime,0,0.15,TMCM,0,,
3227016,AdFederal India,610940,Telstra Mobile - South Asian June 2015,South Asian Premium Network,South Asian (Mobile & Tablet),2016-10-10T20:00:18.193000,Active,06/01/2015 00:00,08/31/2015 23:59,Amount,1979.95,Daily,Even,50,06/01/2015 00:00,08/31/2015 23:59,Amount,600,Daily,Even,20,False,0,Minutes,0,0.15,TMCM,0,,
3453216,AdFederal India,610940,Bharti AXA,Bharti AXA Life,Bharti AXA (10 july to 20 july),2016-10-19T06:50:02.761000,Active,07/09/2015 00:00,07/30/2015 23:59,Amount,314,Daily,Even,15,07/09/2015 00:00,07/30/2015 23:59,Amount,314,Daily,Even,15,False,0,Minutes,0,0,TMCM,0,,
8969833,AdFederal India,610940,Bharti AXA,Test !@#,Test123,2016-10-19T07:00:59.672000,Paused,10/20/2016 00:00,11/30/2016 23:59,Amount,1000,Daily,Even,100,10/20/2016 00:00,11/30/2016 23:59,Amount,1000,Daily,Even,100,False,0,Minutes,0,0.1,TMCM,0,,
8969839,AdFederal India,610940,Bharti AXA,test abc,test abc,2016-10-19T07:18:19.597000,Paused,10/20/2016 00:00,11/18/2016 23:59,Amount,1000,Daily,Even,100,10/20/2016 00:00,11/18/2016 23:59,Amount,1000,Daily,Even,100,False,0,Minutes,0,0,TMCM,0,,
3200996,AdFederal India,610940,Freeshin,freeshin,Feeshin,2016-07-27T17:55:31.238000,Active,05/28/2015 00:00,06/07/2015 23:59,Amount,50,Flight,Even,0,05/28/2015 00:00,06/07/2015 23:59,Amount,50,Daily,Even,5,False,0,Minutes,0,0,TMCM,0,,
7070427,AdFederal India,610940,HINDWRAE- Dreambath ( App Install ),Datsun Redigo,Incent ( Datsun- Redigo),2016-10-10T15:27:48.543000,Paused,05/19/2016 00:00,06/30/2016 23:59,Amount,25000,Daily,ASAP,2000,05/19/2016 00:00,06/30/2016 23:59,Amount,20000,Daily,ASAP,1000,False,0,Minutes,0,0,TMCM,0,,
7070428,AdFederal India,610940,HINDWRAE- Dreambath ( App Install ),Datsun Redigo,Non- Incent ( Datsun- Redigo),2016-10-10T15:27:48.543000,Paused,05/19/2016 00:00,06/30/2016 23:59,Amount,25000,Daily,ASAP,2000,05/19/2016 00:00,06/30/2016 23:59,Amount,20000,Daily,Even,500,False,0,Minutes,0,0,TMCM,0,,
7070430,AdFederal India,610940,HINDWRAE- Dreambath ( App Install ),Datsun Redigo,Incent - ( Appsflyer ),2016-10-10T15:27:48.543000,Paused,05/19/2016 00:00,06/30/2016 23:59,Amount,25000,Daily,ASAP,2000,05/19/2016 00:00,06/30/2016 23:59,Amount,20000,Daily,ASAP,1000,False,0,Minutes,0,0,TMCM,0,,
7070431,AdFederal India,610940,HINDWRAE- Dreambath ( App Install ),Datsun Redigo,Non- Incent ( Appsflyer),2016-10-10T15:27:48.543000,Paused,05/19/2016 00:00,06/30/2016 23:59,Amount,25000,Daily,ASAP,2000,05/19/2016 00:00,06/30/2016 23:59,Amount,20000,Daily,Even,500,False,0,Minutes,0,0,TMCM,0,,
8334281,AdFederal India,610940,HINDWRAE- Dreambath ( App Install ),HIndware _ dreambath ( Android),dreambath-android,2016-08-27T12:07:01.856000,Active,08/27/2016 00:00,09/30/2016 23:59,Amount,50000,Daily,Even,10000,08/27/2016 00:00,09/30/2016 23:59,Amount,50000,Daily,ASAP,5000,False,0,Minutes,0,0,TMCM,0,,
8692652,AdFederal India,610940,HINDWRAE- Dreambath ( App Install ),Capital Float,Capital float,2016-10-10T15:27:48.543000,Active,09/27/2016 00:00,10/31/2016 23:59,Amount,15000,Daily,Even,1500,09/27/2016 00:00,10/31/2016 23:59,Amount,15000,Daily,Even,1500,True,200,Lifetime,0,0,TMCM,0,,
3159455,AdFederal India,610940,Legionre USA,Legionre USA,Ligonre USA,2016-07-27T07:39:38.064000,Active,05/19/2015 00:00,05/20/2015 23:59,Amount,25,Flight,ASAP,0,05/19/2015 00:00,05/20/2015 23:59,Amount,25,Flight,ASAP,0,False,0,Minutes,0,0,TMCM,0,,
3164377,AdFederal India,610940,Legionre USA,Legionre USA,testing,2016-07-27T07:39:40.207000,Paused,05/19/2015 00:00,05/20/2015 23:59,Amount,25,Flight,ASAP,0,05/19/2015 00:00,05/20/2015 23:59,Unlimited,0,Flight,ASAP,0,False,0,Minutes,0,0.01,TMCM,0,,
3209737,AdFederal India,610940,NRMA-AUS,NRMA- AUS,NRMA - Aus,2016-10-10T16:35:46.266000,Paused,06/01/2015 00:00,10/17/2015 23:59,Amount,3805.19,Daily,Even,100,06/01/2015 00:00,10/17/2015 23:59,Amount,3000,Daily,ASAP,100,False,0,Minutes,0,0,TMCM,0,,
3210643,AdFederal India,610940,Impact widget,Impact widget,Impact widget (LP),2016-07-20T16:29:58.060000,Active,05/29/2015 00:00,06/30/2015 23:59,Amount,1000,Flight,Even,0,05/29/2015 00:00,06/30/2015 23:59,Amount,1000,Daily,Even,30,True,25,Lifetime,0,0,TMCM,0,,
3720194,AdFederal India,610940,Air NZ ( 3rd phase),Air NZ 2nd Phase,Air NZ 2nd Phase,2016-10-10T18:22:17.061000,Paused,08/18/2015 00:00,09/30/2015 23:59,Amount,480.3,Daily,ASAP,15,08/18/2015 00:00,09/30/2015 23:59,Amount,480,Daily,ASAP,25,False,0,Minutes,0,0,TMCM,0,,
3585220,AdFederal India,610940,Telstra Chinese preimum (July to Aug),Telstra Chinese premium (july to Aug),Chinese premium (Desktop),2016-10-10T16:35:48.198000,Paused,07/28/2015 00:00,08/31/2015 23:59,Amount,2000,Daily,Even,50,07/28/2015 00:00,08/31/2015 23:59,Amount,1200,Daily,Even,5,True,100,Lifetime,0,0.1,TMCM,0,,
3585221,AdFederal India,610940,Telstra Chinese preimum (July to Aug),Telstra Chinese premium (july to Aug),Chinese premium (mobile ),2016-10-10T16:35:48.198000,Paused,07/28/2015 00:00,08/31/2015 23:59,Amount,2000,Daily,Even,50,07/28/2015 00:00,08/31/2015 23:59,Amount,1000,Daily,Even,15,True,100,Lifetime,0,0.1,TMCM,0,,
3209681,AdFederal India,610940,Fashion&You -Video (30 SEC) OLD,Fashion&you - Video,F&Y Video-June 2015 (10 SEC),2016-07-20T20:42:47.237000,Paused,06/01/2015 00:00,09/12/2015 23:59,Amount,8231.54,Daily,ASAP,50,06/01/2015 00:00,09/12/2015 23:59,Amount,5000,Daily,ASAP,50,False,0,Minutes,0,1,TMCM,0,,
3273278,AdFederal India,610940,Fashion&You -Video (30 SEC) OLD,Fashion&you - Video,FNY Video - 30 Sec (Trial),2016-10-10T16:20:38.906000,Paused,06/01/2015 00:00,09/12/2015 23:59,Amount,8231.54,Daily,ASAP,50,06/01/2015 00:00,09/12/2015 23:59,Amount,5000,Daily,ASAP,100,False,0,Minutes,0,1.5,TMCM,0,,
6418984,AdFederal India,610940,TNT-31st March,TNT-31st March,North-East,2016-10-10T16:42:58.220000,Active,04/01/2016 00:00,04/30/2016 23:59,Amount,20000,Flight,Even,0,04/01/2016 00:00,04/30/2016 23:59,Amount,5000,Daily,Even,600,False,0,Minutes,0,0,TMCM,0,,
6418985,AdFederal India,610940,TNT-31st March,TNT-31st March,"Mumbai,Delhi, Kolkata",2016-10-10T16:42:58.220000,Active,04/01/2016 00:00,04/30/2016 23:59,Amount,20000,Flight,Even,0,04/01/2016 00:00,04/30/2016 23:59,Amount,10000,Daily,Even,600,False,0,Minutes,0,0,TMCM,0,,
6418988,AdFederal India,610940,TNT-31st March,TNT-31st March,Rest of the Country,2016-10-10T16:42:58.220000,Active,04/01/2016 00:00,04/30/2016 23:59,Amount,20000,Flight,Even,0,04/01/2016 00:00,04/30/2016 23:59,Amount,7000,Daily,Even,600,False,0,Minutes,0,4,TMCM,0,,
